data,k,alpha,run idx,result,violation,time, status
data_12_distance,2,1,0,1553.000000,0,282.000000,OPTIMAL
data_12_distance,2,2,0,1484.000000,0,109.000000,OPTIMAL
data_15_distance,2,1,0,1903.000000,0,515.000000,OPTIMAL
data_15_distance,2,2,0,1903.000000,0,523.000000,OPTIMAL
data_20_distance,2,1,0,4144.000000,0,8267.000000,OPTIMAL
data_20_distance,2,2,0,4085.000000,0,7402.000000,OPTIMAL
