data,k,alpha,run idx,result,violation,time, status
data_12_distance,2,1,0,1553.000000,0,856.000000,OPTIMAL
data_12_distance,2,2,0,1484.000000,0,548.000000,OPTIMAL
data_15_distance,2,1,0,1903.000000,0,1406.000000,OPTIMAL
data_15_distance,2,2,0,1903.000000,0,1389.000000,OPTIMAL
data_20_distance,2,1,0,4144.000000,0,24991.000000,OPTIMAL
data_20_distance,2,2,0,4085.000000,0,30052.000000,OPTIMAL
